x_value,y_value,x_nom,y_nom,record_timestamp,sensor_timestamp,frame_rate,is_event,event_id,direction,updated_x_nom,updated_y_nom,updated_dXdt_nom,updated_dYdt_nom
539.0140991210938,387.4001770019531,0.49541737051571116,0.641296132405599,0.0,1666314982.5465622,83.5468796685457,0.0,8.0,1.0,0.49541737051571116,0.641296132405599,0.09669254134323321,0.02276971537855384
540.7977294921875,386.9832458496094,0.4970567366656135,0.6416821797688802,0.016954421997070312,1666314982.5666523,250.63065431729908,0.0,8.0,1.0,0.4970567366656135,0.6416821797688802,0.07210913477163061,0.03352930065637159
541.8309326171875,386.10003662109375,0.49800637189079733,0.6424999660915799,0.0359039306640625,1666314982.5866034,125.3190713794855,0.0,8.0,1.0,0.49800637189079733,0.6424999660915799,0.059299185689109066,0.028289661977796924
543.3715209960938,385.764404296875,0.4994223538567038,0.6428107367621527,0.056847333908081055,1666314982.6065621,111.43801477230458,0.0,8.0,1.0,0.4994223538567038,0.6428107367621527,0.07668587384865863,0.007617457516709706
545.3258056640625,385.7247009277344,0.5012185713824104,0.6428474991409867,0.07779169082641602,1666314982.6265783,125.33405050052293,0.0,8.0,1.0,0.5012185713824104,0.6428190443250867,0.0954937561125839,0.0009215100617531641
547.516357421875,385.75543212890625,0.5032319461598116,0.6428190443250867,0.0967409610748291,1666314982.6466103,111.411374080272,0.0,8.0,1.0,0.5032319461598116,0.6428474991409867,0.10888163504900157,0.003290950091571048
550.0176391601562,385.6171875,0.5055309183457318,0.6429470486111111,0.11668753623962402,1666314982.6665652,125.33405050052293,0.0,8.0,1.0,0.5054536146276137,0.6429470486111111,0.05762824361893082,0.007873657406300187
549.9335327148438,385.3854675292969,0.5054536146276137,0.6431616041395399,0.13663411140441895,1666314982.686597,125.32656049242537,0.0,8.0,1.0,0.5055309183457318,0.6431616041395399,0.03541842736951297,0.007509582207771803
551.4708251953125,385.27679443359375,0.5068665672751034,0.643262227376302,0.15658068656921387,1666314982.7066681,125.33405050052293,0.0,8.0,1.0,0.5068665672751034,0.6432466295030381,0.05636756186847255,0.0019826224035820747
552.647705078125,385.0993957519531,0.5079482583438649,0.6434264854148581,0.1795194149017334,1666314982.7266922,100.26544272327405,0.0,8.0,1.0,0.5079482583438649,0.6432466295030381,0.06983643553625801,0.0
554.5778198242188,385.29364013671875,0.5097222608678481,0.6432466295030381,0.19747185707092285,1666314982.7467093,250.675591680612,0.0,8.0,1.0,0.5097222608678481,0.6432466295030381,0.06845129849276435,-0.0007121264656188195
555.39599609375,385.3699645996094,0.510474261115579,0.6431759587040654,0.21642160415649414,1666314982.7665923,125.31158316154283,0.0,8.0,1.0,0.510474261115579,0.6432203504774305,0.027741548551577185,-0.0017714809104051943
555.7819213867188,385.4280700683594,0.510828971862793,0.6431221573441117,0.2373654842376709,1666314982.7865703,100.25345985610824,0.0,8.0,1.0,0.510828971862793,0.6431759587040654,0.0497320290733962,-0.0013542949792760763
557.5545654296875,385.322021484375,0.5124582402846393,0.6432203504774305,0.2563149929046631,1666314982.8065994,143.243195246064,0.0,8.0,1.0,0.5124582402846393,0.6431663230613426,0.041887467184148944,-0.0013831991520275777
558.1976928710938,385.38037109375,0.5130493500653435,0.6431663230613426,0.2762618064880371,1666314982.8265343,250.61567877629062,0.0,8.0,1.0,0.5124582402846393,0.6431221573441117,0.0,-0.017642504753666185
558.304443359375,386.15948486328125,0.5131474663229549,0.6424449214228878,0.29720497131347656,1666314982.8465815,125.32281582407076,0.0,8.0,1.0,0.5124582402846393,0.6424449214228878,-0.35315314326520125,-0.025684552327237254
541.8435668945312,386.56231689453125,0.4980179842780618,0.6420719288013599,0.3171513080596924,1666314982.8666983,167.13037934332164,0.0,8.0,1.0,0.4980179842780618,0.6420719288013599,-0.38326716297738894,-0.009971651425363711
541.335205078125,386.65496826171875,0.49755073996151195,0.6419861404984086,0.33610081672668457,1666314982.8866832,334.234122240816,0.0,8.0,1.0,0.49755073996151195,0.6420570656105324,-0.011712254556269843,-0.0021504262470963434
540.2239990234375,386.6874084472656,0.49652941086713004,0.6419561032895689,0.35704493522644043,1666314982.9066052,125.33405050052293,0.0,8.0,1.0,0.49755073996151195,0.6419861404984086,0.0,-0.0024690494237466667
540.9027709960938,386.578369140625,0.49715328216552734,0.6420570656105324,0.37699198722839355,1666314982.9265773,111.40249667994688,0.0,8.0,1.0,0.49755073996151195,0.6419561032895689,0.0024889771358630303,-0.0007529325101027177
541.4432373046875,387.1619567871094,0.4976500342873966,0.6415167066786025,0.3969385623931885,1666314982.9465804,111.40545565619273,0.0,8.0,1.0,0.4976500342873966,0.6419561032895689,0.025348885655635513,0.0011471595795918457
542.5179443359375,387.088134765625,0.4986378164852367,0.6415850604021991,0.4198765754699707,1666314982.966659,125.33405050052293,0.0,8.0,1.0,0.4986378164852367,0.642005298755787,0.02476099271780996,-0.004757117237245724
543.151611328125,386.63427734375,0.49922023100011487,0.642005298755787,0.4368312358856201,1666314982.9867232,125.337795840306,0.0,8.0,1.0,0.4986378164852367,0.6417663291648582,0.0,-0.006092153514477923
544.6681518554688,386.33319091796875,0.5006141101612764,0.6422840824833622,0.4577758312225342,1666314983.0066502,100.26783964045804,0.0,8.0,1.0,0.4986378164852367,0.641774410671658,-0.028849293343905964,0.0001976322140507294
541.2344360351562,386.8923645019531,0.49745812135584216,0.6417663291648582,0.4777228832244873,1666314983.0265772,250.63065431729908,0.0,8.0,1.0,0.49745812135584216,0.641774410671658,-0.1944644565261833,-0.00018844362082706713
533.4443359375,386.8836364746094,0.4902981028837316,0.641774410671658,0.5006613731384277,1666314983.0467253,167.09708776542766,0.0,8.0,1.0,0.4902981028837316,0.6417663291648582,-0.1808495528928033,-0.023650721554191203
533.3320922851562,387.9026184082031,0.49019493776209216,0.6408309088812933,0.5176160335540771,1666314983.0667214,200.56924254016832,0.0,8.0,1.0,0.49024346295525045,0.6408309088812933,-0.001521796532366027,-0.034595577276656825
533.3848876953125,388.23388671875,0.49024346295525045,0.6405241789641204,0.5365662574768066,1666314983.0867503,125.31532715864954,0.0,8.0,1.0,0.49024346295525045,0.6405241789641204,0.0,-0.026265829789531358
532.6909790039062,389.0342712402344,0.4896056792315315,0.6397830821849682,0.557509183883667,1666314983.1067073,200.5308854465481,0.0,8.0,1.0,0.49024346295525045,0.6397830821849682,0.005865337696361665,-0.019087031857464423
533.6394653320312,389.0562438964844,0.4904774497537052,0.6397627371328849,0.5764594078063965,1666314983.1267104,200.482959705559,0.0,8.0,1.0,0.4904774497537052,0.6397627371328849,0.0115639449522766,-0.0028426602447099887
533.874267578125,389.1536865234375,0.490693260641659,0.6396725124782986,0.5964057445526123,1666314983.1466024,250.63065431729908,0.0,8.0,1.0,0.490693260641659,0.6396725124782986,0.01599109641465903,-0.007345090841785592
534.3682250976562,389.3885192871094,0.4911472657147576,0.639455074734158,0.6183462142944336,1666314983.1666822,200.5500621593191,0.0,8.0,1.0,0.4911472657147576,0.639455074734158,0.021749371507978083,-0.00495506753452791
534.9126586914062,389.5376281738281,0.4916476642384249,0.6393170109501591,0.6402876377105713,1666314983.1865773,143.23830339457686,0.0,8.0,1.0,0.4916476642384249,0.639455074734158,0.016243641644756883,0.0
535.0556640625,389.4669494628906,0.4917791029986213,0.6393824542010271,0.6572437286376953,1666314983.2066743,250.57076288906148,0.0,8.0,1.0,0.4917791029986213,0.639455074734158,0.025479972773324595,0.020024536776811312
535.9356689453125,388.5904541015625,0.49258793101591225,0.6401940239800348,0.677189826965332,1666314983.226669,200.5308854465481,0.0,8.0,1.0,0.49258793101591225,0.6401940239800348,0.026905180087382585,0.04138345033853181
536.2234497070312,387.60552978515625,0.49285243539249196,0.6411059909396701,0.6971368789672852,1666314983.2466073,200.482959705559,0.0,8.0,1.0,0.49285243539249196,0.6411059909396701,0.006167784673021852,0.0319292072716718
536.5772094726562,387.11163330078125,0.4931775822358973,0.6415633024992766,0.7200746536254883,1666314983.2666245,167.11040280489263,0.0,8.0,1.0,0.49285243539249196,0.6415633024992766,0.0,0.014125658627040825
536.3074951171875,387.01214599609375,0.49292968301212087,0.6416554203739873,0.7360327243804932,1666314983.2866104,250.61567877629062,0.0,8.0,1.0,0.49285243539249196,0.6416554203739873,0.0020382486160040263,0.006759492255212757
535.7998657226562,386.7349853515625,0.4924631118774414,0.641912050600405,0.7579736709594727,1666314983.3065422,200.5404733444896,0.0,8.0,1.0,0.49292968301212087,0.6418194806134259,0.0017603529398980734,0.003738677336641877
536.0072631835938,386.8349609375,0.4926537345437443,0.6418194806134259,0.7799146175384521,1666314983.3265882,250.7205451610975,0.0,8.0,1.0,0.49292968301212087,0.6418194806134259,0.019096470052532292,0.0
537.1777954101562,386.71734619140625,0.4937295913696289,0.6419283831561053,0.7998614311218262,1666314983.3465893,167.117061120408,0.0,8.0,1.0,0.4937295913696289,0.6418194806134259,0.049993257407657136,-0.0004337053337290484
538.4231567382812,386.910400390625,0.4948742249432732,0.6417496292679399,0.8188107013702393,1666314983.3665903,200.5212984653631,0.0,8.0,1.0,0.4948742249432732,0.6418026111744068,0.07968261944788545,-0.0004451070724333613
540.4635009765625,386.8531799316406,0.4967495413387523,0.6418026111744068,0.8377611637115479,1666314983.3866513,200.4925430210325,0.0,8.0,1.0,0.4967495413387523,0.6418026111744068,0.07891145386186718,0.0
541.677001953125,386.9278564453125,0.497864891501034,0.6417334662543404,0.8567097187042236,1666314983.4067214,200.5308854465481,0.0,8.0,1.0,0.497864891501034,0.6418026111744068,0.048823267340339226,0.008150909012612943
542.7944946289062,386.4668884277344,0.49889199873980355,0.6421602884928386,0.8816430568695068,1666314983.426628,125.33405050052293,0.0,8.0,1.0,0.49889199873980355,0.6421602884928386,0.07400939976500522,0.012237175552092716
545.2908325195312,386.2075500488281,0.5011864269480986,0.6424004166214554,0.9015896320343018,1666314983.4466233,125.337795840306,0.0,8.0,1.0,0.5011864269480986,0.6423518145525897,0.08023873120757818,0.006336078526215413
546.10302734375,386.2600402832031,0.5019329295438879,0.6423518145525897,0.919541597366333,1666314983.4665892,143.23341187719836,0.0,8.0,1.0,0.5019329295438879,0.6424004166214554,0.06440969962282045,0.007163144895023924
547.737060546875,385.989990234375,0.5034347982967601,0.6426018608940972,0.9364969730377197,1666314983.4865842,1001.744447098161,0.0,8.0,1.0,0.5034347982967601,0.6426018608940972,0.08185810088199398,0.015338409913076872
549.4783325195312,385.5797424316406,0.5050352320951574,0.6429817199707031,0.9574401378631592,1666314983.5065553,200.5308854465481,0.0,8.0,1.0,0.5050352320951574,0.6429817199707031,0.09938119125998887,0.05426437947749065
552.1583862304688,383.4557800292969,0.5074985167559456,0.6449483518247251,0.9773871898651123,1666314983.5265903,200.51171240080313,0.0,8.0,1.0,0.5074985167559456,0.6448207431369357,0.09928168985861852,0.046097342494261014
553.7876586914062,383.0567932128906,0.5089960098266602,0.6453177840621382,0.9973344802856445,1666314983.5465913,250.58573306249252,0.0,8.0,1.0,0.5089960098266602,0.6448207431369357,0.04303421968999339,0.0
555.1936645507812,383.5935974121094,0.5102882946238798,0.6448207431369357,1.0422141551971436,1666314983.5666182,24.4554423117289,0.0,8.0,1.0,0.5102882946238798,0.6448207431369357,0.03698488677153744,-0.002233978789671826
555.6337280273438,383.70428466796875,0.5106927647310144,0.644718254937066,1.0432114601135254,1666314983.5867214,1002.702366722448,0.0,8.0,1.0,0.5106927647310144,0.644718254937066,0.04299580010499919,-0.017588263997101394
556.033447265625,383.9346008300781,0.5110601537367877,0.6445049992314091,1.0601661205291748,1666314983.6067092,167.09708776542766,0.0,8.0,1.0,0.5110601537367877,0.6445049992314091,0.07164139103907824,-0.021592456139802752
558.27685546875,384.49505615234375,0.5131221098058364,0.6439860591182003,1.0771212577819824,1666314983.6266801,250.58573306249252,0.0,8.0,1.0,0.5131221098058364,0.6439860591182003,0.09142345469132991,-0.028183688848017162
559.7039184570312,385.05780029296875,0.5144337485818302,0.6434649997287326,1.097066879272461,1666314983.6466343,250.69057438288206,0.0,8.0,1.0,0.5144337485818302,0.6434649997287326,0.07528466768877055,-0.016669134754731654
561.54443359375,385.2132263183594,0.5161253985236672,0.6433210867422599,1.117013692855835,1666314983.6665943,250.66061076913883,0.0,8.0,1.0,0.5161253985236672,0.6433210867422599,0.05942678276129762,-0.01487927016708726
562.2833251953125,385.6988830566406,0.516804526833927,0.6428714045771846,1.1369609832763672,1666314983.6865983,200.51171240080313,0.0,8.0,1.0,0.516804526833927,0.6428714045771846,0.02657913961456735,-0.015336024030561618
562.7269287109375,385.8905029296875,0.5172122506534352,0.6426939787688078,1.157904863357544,1666314983.7066271,200.5308854465481,0.0,8.0,1.0,0.5172122506534352,0.6426939787688078,0.00997112448505773,-0.012634318564690886
563.6575317382812,386.2568359375,0.5180675843182732,0.6423547815393518,1.1778514385223389,1666314983.7265573,1002.4627151051625,0.0,8.0,1.0,0.5172122506534352,0.6423547815393518,0.0,-0.02033547688743583
564.5949096679688,386.7447509765625,0.5189291449154124,0.6419030083550348,1.196800947189331,1666314983.7466593,334.18086208270256,0.0,8.0,1.0,0.5172122506534352,0.6419030083550348,-0.3391303783475072,-0.06122287194700823
548.3749389648438,388.8810729980469,0.5040210836073932,0.6399249324092158,1.2167484760284424,1666314983.7666533,200.4925430210325,0.0,8.0,1.0,0.5040210836073932,0.6399733931929976,-0.6026411544169534,-0.04837500423803358
535.9161376953125,388.8287353515625,0.4925699794993681,0.6399733931929976,1.2376914024353027,1666314983.7866483,200.5212984653631,0.0,8.0,1.0,0.4925699794993681,0.6399249324092158,-0.2870512297675473,-0.021932867603437066
532.8976440429688,389.773681640625,0.48979562871596394,0.6390984429253472,1.2566406726837158,1666314983.8065493,200.51171240080313,0.0,8.0,1.0,0.4925699794993681,0.6390984429253472,0.0,-0.02944256700769099
535.2091674804688,390.117919921875,0.49192019069896026,0.6387797037760417,1.2765884399414062,1666314983.8266482,200.4925430210325,0.0,8.0,1.0,0.4925699794993681,0.6387797037760417,0.018877197723898825,-0.01245988541497208
536.7559814453125,390.3239440917969,0.49334189471076517,0.6385889406557437,1.297532081604004,1666314983.8466012,200.51171240080313,0.0,8.0,1.0,0.49334189471076517,0.6385889406557437,0.028972911123832247,-0.004665332492832685
537.205078125,390.5802307128906,0.49375466739430146,0.638351638228805,1.3174779415130615,1666314983.866584,1003.422009569378,0.0,8.0,1.0,0.49375466739430146,0.6385889406557437,0.037336732652695624,0.0
538.3765258789062,390.3739318847656,0.4948313656975241,0.638542655662254,1.3374249935150146,1666314983.8866343,167.117061120408,0.0,8.0,1.0,0.4948313656975241,0.6385889406557437,0.04549538971238685,0.0051197189396111325
539.1797485351562,390.1033630371094,0.495569621815401,0.6387931823730468,1.3573710918426514,1666314983.9065742,200.5596518911682,0.0,8.0,1.0,0.495569621815401,0.6387931823730468,0.034016020856785005,0.012250204856253775
539.8529663085938,389.796142578125,0.496188388151281,0.6390776457609953,1.3773186206817627,1666314983.9266884,250.63065431729908,0.0,8.0,1.0,0.496188388151281,0.6390776457609953,0.026086324263368137,0.012689231981177896
540.34033203125,389.54296875,0.49663633458754597,0.6393120659722222,1.3982627391815186,1666314983.9465904,334.18086208270256,0.0,8.0,1.0,0.49663633458754597,0.6393120659722222,0.01574142574870068,0.02786349936262229
541.2548217773438,388.5656433105469,0.49747685825123505,0.6402169969346788,1.4182090759277344,1666314983.9666152,250.78050822122572,0.0,8.0,1.0,0.49683206221636605,0.6402169969346788,0.016953937716093465,0.030156145320326337
541.0578002929688,387.9815673828125,0.4972957723280963,0.6407578079788774,1.4371585845947266,1666314983.9865942,250.69057438288206,0.0,8.0,1.0,0.4972957723280963,0.6404850147388599,0.01539316073056516,0.012910735919622366
540.5532836914062,388.27618408203125,0.49683206221636605,0.6404850147388599,1.4600975513458252,1666314984.0065794,250.64563164814152,0.0,8.0,1.0,0.49747685825123505,0.6407578079788774,0.013908824847733396,0.00998721715889122
541.6614990234375,387.36688232421875,0.4978506424847771,0.6413269608109086,1.4770519733428955,1666314984.0265841,334.1276188958815,0.0,8.0,1.0,0.4978506424847771,0.6408834386754919,0.0342647609911677,0.0034045339225781852
542.6304931640625,387.6499328613281,0.4987412620993221,0.6410648769802517,1.4969985485076904,1666314984.0465903,250.69057438288206,0.0,8.0,1.0,0.4987412620993221,0.6408834386754919,0.02688346812567178,0.0
542.9158325195312,387.84588623046875,0.49900352253633384,0.6408834386754919,1.5199363231658936,1666314984.0666173,200.57883410645115,0.0,8.0,1.0,0.49900352253633384,0.6408834386754919,0.029022150396611383,-0.003971301867659557
543.9216918945312,388.0212707519531,0.4999280256383559,0.6407210456000434,1.5378901958465576,1666314984.0865483,500.99187768752984,0.0,8.0,1.0,0.4999280256383559,0.6407210456000434,0.06525635575574064,-0.007446318964435079
545.6774291992188,388.15869140625,0.5015417547786937,0.6405938042534722,1.5588326454162598,1666314984.106583,250.69057438288206,0.0,8.0,1.0,0.5015417547786937,0.6405938042534722,0.10023846379115592,-0.015868013290931
548.2723388671875,388.7049255371094,0.5039267820470473,0.6400880319100839,1.5777826309204102,1666314984.1265721,200.5308854465481,0.0,8.0,1.0,0.5039267820470473,0.6400880319100839,0.10146916399787427,-0.01604855029724357
549.9714965820312,388.8328552246094,0.5054885078878963,0.639969578495732,1.5977287292480469,1666314984.1465743,501.711004784689,0.0,8.0,1.0,0.5054885078878963,0.639969578495732,0.0827389208160896,-0.012672829465176132
552.8201293945312,389.33282470703125,0.5081067365758559,0.6395066437897858,1.623659372329712,1666314984.1667953,250.7205451610975,0.0,8.0,1.0,0.5077225741218118,0.6395066437897858,0.061463815095632396,-0.016359082225869858
552.4021606445312,389.6079406738281,0.5077225741218118,0.6392519067834925,1.6396174430847168,1666314984.1866784,501.351183361224,0.0,8.0,1.0,0.5080631480497473,0.639284317581742,0.011671054532100211,-0.0077390423257015515
552.772705078125,389.57293701171875,0.5080631480497473,0.639284317581742,1.6565752029418945,1666314984.2066972,333.83508436803567,0.0,8.0,1.0,0.5081067365758559,0.6392519067834925,0.008754660378310606,-0.007202357438964838
553.1531982421875,389.87548828125,0.5084128660314223,0.6390041775173612,1.6785130500793457,1666314984.2265763,250.66061076913883,0.0,8.0,1.0,0.5084036658791935,0.6390041775173612,0.007487098749234672,-0.006059479112339224
553.1431884765625,389.8755187988281,0.5084036658791935,0.6390041492603443,1.697462797164917,1666314984.2465923,200.5308854465481,0.0,8.0,1.0,0.5084128660314223,0.6390041492603443,0.01341784677233299,-0.0023291700071843883
553.6964721679688,389.9708251953125,0.5089121986837948,0.6389159025969329,1.7164127826690674,1666314984.2665832,250.63065431729908,0.0,8.0,1.0,0.5089121986837948,0.6389159025969329,0.025054147233366953,-0.01665649585232172
554.2406616210938,390.5931701660156,0.5094123728135053,0.6383396572536892,1.7373566627502441,1666314984.2865713,250.675591680612,0.0,8.0,1.0,0.5094123728135053,0.6383396572536892,0.02835527686325933,-0.01993813192852605
555.0194702148438,390.8942565917969,0.5101281895357019,0.638060873526114,1.7592968940734863,1666314984.3066072,501.5310295348559,0.0,8.0,1.0,0.5101281895357019,0.638060873526114,0.04576725861397311,-0.019459712807830223
556.5747680664062,391.57830810546875,0.5115576912375057,0.6374274924949364,1.784231185913086,1666314984.3266063,200.5404733444896,0.0,8.0,1.0,0.5115576912375057,0.6374274924949364,0.062241248803456516,-0.04810575803689857
557.78857421875,393.01873779296875,0.5126733218922335,0.6360937613028067,1.8001883029937744,1666314984.3466003,334.18086208270256,0.0,8.0,1.0,0.5126733218922335,0.6360937613028067,0.15096530941271002,-0.05360008375013013
562.1442260742188,393.54119873046875,0.5166766783770393,0.6356100011754919,1.8181395530700684,1666314984.3665721,250.675591680612,0.0,8.0,1.0,0.5166766783770393,0.6356100011754919,0.10211818704675703,-0.013951729932699726
562.2208862304688,393.6198425292969,0.5167471380794749,0.6355371828432437,1.8400814533233643,1666314984.3867922,143.22852069389427,0.0,8.0,1.0,0.5167471380794749,0.6355371828432437,0.0018114191517171513,-0.004986338239582343
563.4008178710938,393.75067138671875,0.5178316340726965,0.6354160450122974,1.85703706741333,1666314984.4067001,167.09043104135128,0.0,8.0,1.0,0.5167471380794749,0.6354160450122974,0.0,-0.026044101474398774
564.0606079101562,394.68585205078125,0.5184380587409524,0.6345501369900174,1.8779804706573486,1666314984.4267771,200.5212984653631,0.0,8.0,1.0,0.5167471380794749,0.6345501369900174,-0.6722585458351027,-0.13009926809468747
534.5015869140625,399.07562255859375,0.4912698409136604,0.6304855346679688,1.894935131072998,1666314984.4465692,334.18086208270256,0.0,8.0,1.0,0.4912698409136604,0.6304855346679688,-1.4060584164524006,-0.12061583782098934
502.7176208496094,399.752685546875,0.46205663681030273,0.6298586244936343,1.9168767929077148,1666314984.4705782,250.61567877629062,0.0,8.0,1.0,0.46205663681030273,0.6298586244936343,-0.6811938291444534,-0.035556082673510965
500.90130615234375,400.7224426269531,0.4603872299194336,0.6289607012713396,1.9378204345703125,1666314984.4905522,334.234122240816,0.0,8.0,1.0,0.46205663681030273,0.6289607012713396,0.0,-0.02554576752554035
502.17578125,400.9083251953125,0.46155862247242646,0.628788587782118,1.958763837814331,1666314984.5106072,167.12371996652988,0.0,8.0,1.0,0.46205663681030273,0.628788587782118,0.029214713941062002,-0.006105329927051479
503.9539489746094,401.07440185546875,0.4631929678075454,0.6286348130967883,1.9767162799835205,1666314984.5306144,334.18086208270256,0.0,8.0,1.0,0.4631929678075454,0.6287232293023004,0.06761162742076057,-0.0017244886190849345
505.505615234375,400.9789123535156,0.46461913164924173,0.6287232293023004,1.996664047241211,1666314984.5505815,334.1276188958815,0.0,8.0,1.0,0.46461913164924173,0.6287232293023004,0.03729716978976379,-0.0010057928266008547
505.6007995605469,401.0494079589844,0.4647066172431497,0.628657955593533,2.0166101455688477,1666314984.5707304,501.23135755258124,0.0,8.0,1.0,0.46468089608585134,0.6286831043384693,0.0021395487946088833,0.0
505.8537902832031,400.8646545410156,0.4649391454808852,0.6288290235731337,2.0375537872314453,1666314984.5906503,200.5308854465481,0.0,8.0,1.0,0.4647066172431497,0.6287232293023004,0.00631552953523523,0.003568477812547587
505.57281494140625,401.0222473144531,0.46468089608585134,0.6286831043384693,2.0575013160705566,1666314984.6106534,334.1010036641708,0.0,8.0,1.0,0.4649391454808852,0.6288290235731337,0.022979056651530542,0.0037129206241522813
506.5732727050781,400.82293701171875,0.46560043447157917,0.6288676509150752,2.076450824737549,1666314984.6306534,334.0477859190825,0.0,8.0,1.0,0.46560043447157917,0.6288676509150752,0.029669836933507564,0.004755370669188689
507.2703552246094,400.6392822265625,0.46624113531673655,0.6290377016420717,2.101383924484253,1666314984.650607,143.23830339457686,0.0,8.0,1.0,0.46624113531673655,0.6290377016420717,0.047867680456514225,0.028225036013519392
508.6509094238281,399.60687255859375,0.46751002704395966,0.6299936365198207,2.1163439750671387,1666314984.6705983,250.61567877629062,0.0,8.0,1.0,0.46751002704395966,0.6299936365198207,0.03635127620798587,0.04247086275390798
508.8457336425781,399.0381774902344,0.46768909342148723,0.6305202060275608,2.1362903118133545,1666314984.6905293,334.234122240816,0.0,8.0,1.0,0.46751002704395966,0.6305202060275608,0.0039899214484214116,0.01173291715634035
508.9981384277344,398.8141784667969,0.4678291713490206,0.6307276125307436,2.1612236499786377,1666314984.7105951,143.2187393293724,0.0,8.0,1.0,0.46768909342148723,0.6305202060275608,0.004443733336000645,0.0020494367590576973
508.0530090332031,398.8880920410156,0.46696048624375286,0.6306591740360967,2.181169271469116,1666314984.7306042,167.14369968916873,0.0,8.0,1.0,0.467709457173067,0.6306121826171875,0.0005653820331105706,0.003572889664421776
508.8696594238281,399.28656005859375,0.46771108402925377,0.6302902221679687,2.2001187801361084,1666314984.75054,143.243195246064,0.0,8.0,1.0,0.46771108402925377,0.6306591740360967,4.6604987375167084e-05,0.0013461758346068285
508.8678894042969,398.9388427734375,0.467709457173067,0.6306121826171875,2.216076612472534,1666314984.7707882,334.1542383683875,0.0,8.0,1.0,0.46771108402925377,0.6306591740360967,0.014294744109948267,0.002811278581926546
509.4901123046875,398.7669677734375,0.4682813532212201,0.630771326135706,2.2400124073028564,1666314984.7906942,250.69057438288206,0.0,8.0,1.0,0.4682813532212201,0.630771326135706,0.030461747037911092,0.007756664351000377
510.15875244140625,398.562255859375,0.46889591217041016,0.6309608742042825,2.254972219467163,1666314984.8105872,1002.702366722448,0.0,8.0,1.0,0.46889591217041016,0.6309608742042825,0.05748371915702171,0.010569643166329051
511.7356262207031,398.35711669921875,0.47034524468814626,0.6311508178710937,2.275916337966919,1666314984.8306444,501.351183361224,0.0,8.0,1.0,0.47034524468814626,0.6311508178710937,0.03430631251923991,0.00872987689735565
511.8711853027344,398.12158203125,0.4704698394326603,0.6313689055266204,2.3008508682250977,1666314984.8506503,167.07711918419375,0.0,8.0,1.0,0.4704698394326603,0.6313613891601563,0.004220282668379931,0.004373372885216531
511.964599609375,398.12969970703125,0.47055569817038145,0.6313613891601563,2.3257834911346436,1666314984.8706884,501.23135755258124,0.0,8.0,1.0,0.47055569817038145,0.6313689055266204,0.04530754548401029,0.007497891757825368
513.8868408203125,397.798583984375,0.4723224639892578,0.6316679777922454,2.341740846633911,1666314984.8907332,1002.2231780167264,0.0,8.0,1.0,0.4723224639892578,0.6316679777922454,0.08335639092271216,0.025321649350841975
515.0399169921875,397.1942443847656,0.47338227664723115,0.6322275514955874,2.3596930503845215,1666314984.9106963,200.56924254016832,0.0,8.0,1.0,0.47338227664723115,0.6322275514955874,0.13880956591162344,0.055927747597351384
519.9118041992188,395.388916015625,0.4778601141536937,0.6338991518373842,2.3816347122192383,1666314984.9306161,143.21384914808618,0.0,8.0,1.0,0.4778601141536937,0.6338991518373842,0.13802981339702752,0.04284277280440648
521.1806640625,395.2564697265625,0.47902634564568014,0.6340217872902199,2.400583267211914,1666314984.9505594,250.70555887627017,0.0,8.0,1.0,0.47902634564568014,0.6339794017650463,0.06479433201037403,0.0020632510870790613
522.6537475585938,395.30224609375,0.480380282682531,0.6339794017650463,2.42052960395813,1666314984.9705942,143.2529799515011,0.0,8.0,1.0,0.480380282682531,0.6339794017650463,0.05123900376589611,0.0003604515580513231
523.1822509765625,395.14630126953125,0.480866039500517,0.6341237951208044,2.4364874362945557,1666314984.9905963,501.23135755258124,0.0,8.0,1.0,0.480866039500517,0.6339923434787327,0.04380042649002736,0.00038165116208920116
524.2697143554688,395.3321228027344,0.4818655462826,0.6339517381456163,2.454439401626587,1666314985.0105813,1002.4627151051625,0.0,8.0,1.0,0.4818655462826,0.6339923434787327,0.05745209796446494,0.0034685146274364372
525.5512084960938,395.28826904296875,0.4830433901618509,0.6339923434787327,2.474385976791382,1666314985.0306852,1003.1820138722794,0.0,8.0,1.0,0.4830433901618509,0.6341237951208044,0.036200846329208294,0.008081436664247746
525.9195556640625,394.7350158691406,0.4833819445441751,0.634504614935981,2.4963278770446777,1666314985.0505884,501.29126329628303,0.0,8.0,1.0,0.4833819445441751,0.6343308625397859,0.04627398721798699,0.00679973393328142
527.9111938476562,394.92266845703125,0.4852124943452723,0.6343308625397859,2.521261215209961,1666314985.070604,125.337795840306,0.0,8.0,1.0,0.4852124943452723,0.6344425342701099,0.044701619936856764,0.0038715163721158123
528.102294921875,394.80206298828125,0.4853881387149586,0.6344425342701099,2.5412075519561768,1666314985.0906143,125.33405050052293,0.0,8.0,1.0,0.4853881387149586,0.634504614935981,0.07438477398991754,0.009041962761605231
530.7362670898438,394.461181640625,0.48780906901640053,0.6347581651475694,2.556168556213379,1666314985.1105852,334.1542383683875,0.0,8.0,1.0,0.48780906901640053,0.6347581651475694,0.11828024382443797,0.015375384126575097
532.594482421875,394.1553649902344,0.4895169875201057,0.6350413287127459,2.5761148929595947,1666314985.1305664,334.20749003984065,0.0,8.0,1.0,0.4895169875201057,0.6350413287127459,0.06982222448184029,0.020364433528828187
534.1366577148438,393.6032409667969,0.4909344280467314,0.6355525546603733,2.5950634479522705,1666314985.150572,501.23135755258124,0.0,8.0,1.0,0.4905247968785903,0.6355502375849971,0.030896873872716942,0.011143524774126907
533.6909790039062,393.6057434082031,0.4905247968785903,0.6355502375849971,2.6219913959503174,1666314985.1706762,125.34154140393868,0.0,8.0,1.0,0.4909344280467314,0.6355525546603733,0.021134579096306002,0.007253771541273808
534.6541748046875,393.277587890625,0.4914100871366613,0.6358540852864583,2.6369516849517822,1666314985.1907,143.248087431694,0.0,8.0,1.0,0.4914100871366613,0.6358540852864583,0.0763336697371559,0.036910760613087006
537.0358276367188,392.211669921875,0.49359910628374887,0.6368410463686343,2.6568996906280518,1666314985.2105632,501.0517261975869,0.0,8.0,1.0,0.49359910628374887,0.6368410463686343,0.06417730679914388,0.029322416989271287
537.6486206054688,391.91949462890625,0.49416233511532054,0.637111579047309,2.6798367500305176,1666314985.2306213,143.26765951632737,0.0,8.0,1.0,0.49416233511532054,0.637111579047309,0.06028318429760109,0.008132193296305974
539.65234375,391.82391357421875,0.49600399241727944,0.6372000800238715,2.6967928409576416,1666314985.2506313,200.50212725273676,0.0,8.0,1.0,0.49600399241727944,0.6371654651783131,0.062375776807600876,0.002164343146344967
540.4236450195312,391.7274169921875,0.49671290902530446,0.6372894287109375,2.7207272052764893,1666314985.2705882,143.243195246064,0.0,8.0,1.0,0.49671290902530446,0.6372000800238715,0.033617664109528204,0.00310744461687928
541.1114501953125,391.8612976074219,0.4973450829001034,0.6371654651783131,2.736685276031494,1666314985.2905662,200.5212984653631,0.0,8.0,1.0,0.4973450829001034,0.6372894287109375,0.11048189843939907,0.00892914322309128
544.7396240234375,391.22515869140625,0.5006798014921301,0.6377544826931424,2.7566325664520264,1666314985.3105752,250.61567877629062,0.0,8.0,1.0,0.5006798014921301,0.6375206841362847,0.05970742917753244,0.004140579347190299
545.5631713867188,391.4776611328125,0.5014367384069106,0.6375206841362847,2.7925362586975098,1666314985.3306932,334.28739937833745,0.0,8.0,1.0,0.5006798014921301,0.6375206841362847,0.0,0.0
546.1948852539062,391.3780822753906,0.5020173577701345,0.6376128867820456,2.812483072280884,1666314985.3507023,200.51171240080313,0.0,8.0,1.0,0.5006798014921301,0.6375206841362847,-0.21082040531321888,-0.06536755997326521
536.7327270507812,393.9420471191406,0.4933205211863798,0.635238845260055,2.827444076538086,1666314985.3706481,250.57076288906148,0.0,8.0,1.0,0.4933205211863798,0.635238845260055,-1.1693568162222834,-0.10650003347936807
504.13641357421875,395.1484375,0.4633606742410099,0.6341218171296297,2.8443973064422607,1666314985.3907614,250.7205451610975,0.0,8.0,1.0,0.4633606742410099,0.6341218171296297,-1.0507302482248382,-0.06545751511439464
495.7455749511719,396.3392028808594,0.4556485063889447,0.6330192565917969,2.8613529205322266,1666314985.4107022,334.3406935033878,0.0,8.0,1.0,0.4576914731193991,0.6330192565917969,-0.15789917752056298,-0.030708630432387293
495.4727783203125,397.0377502441406,0.4553977741914637,0.6323724534776476,2.8803012371063232,1666314985.4306753,125.33405050052293,0.0,8.0,1.0,0.4576914731193991,0.6330192565917969,0.0,0.0
497.96832275390625,396.8897705078125,0.4576914731193991,0.6325094717520254,2.9012463092803955,1666314985.4505653,111.39362069423419,0.0,8.0,1.0,0.4576914731193991,0.6330192565917969,0.06191969441460809,0.013911176765849067
501.3691711425781,395.75482177734375,0.46081725288839903,0.6335603502061632,2.9191975593566895,1666314985.4706233,167.09043104135128,0.0,8.0,1.0,0.4600999215069939,0.6335603502061632,0.08247965190077267,0.014277785466933292
500.5887145996094,395.05792236328125,0.4600999215069939,0.6342056274414063,2.9391438961029053,1666314985.4905982,111.411374080272,0.0,8.0,1.0,0.46081725288839903,0.6335603502061632,0.01754265621634565,0.0009204624079733756
502.0494384765625,395.0813293457031,0.4614424985997817,0.6341839543095342,2.9600882530212402,1666314985.5105872,111.411374080272,0.0,8.0,1.0,0.46081725288839903,0.6335979885525174,-0.0008330038258588632,0.00089853703145087
501.43798828125,395.9178161621094,0.46088050393497243,0.6334094294795283,2.981032371520996,1666314985.5305872,167.09708776542766,0.0,8.0,1.0,0.46078235962811637,0.6335979885525174,0.0015855114487281583,-0.004726602723305919
501.2088623046875,395.71417236328125,0.46066991020651427,0.6335979885525174,2.99998140335083,1666314985.5505762,111.41433352813048,0.0,8.0,1.0,0.46088050393497243,0.6334094294795283,0.002288555521835592,-0.012618026316656645
501.3312072753906,396.3507385253906,0.46078235962811637,0.6330085754394531,3.0239171981811523,1666314985.5705702,91.15476061113164,0.0,8.0,1.0,0.46088050393497243,0.6330568666811343,-0.0023429639934182053,-0.009569445366706234
502.1957702636719,396.298583984375,0.4615769947276396,0.6330568666811343,3.041870355606079,1666314985.5906203,200.5212984653631,0.0,8.0,1.0,0.46078235962811637,0.6330085754394531,-0.0026595967051106202,-0.018491670028710355
501.5875244140625,397.0355529785156,0.4610179452335133,0.6323744879828559,3.060819149017334,1666314985.6106062,250.69057438288206,0.0,8.0,1.0,0.46078235962811637,0.6323744879828559,-0.011021987354911767,-0.03719701709195659
500.8767395019531,397.9453125,0.46036465027753043,0.6315321180555555,3.079768180847168,1666314985.6305792,143.22852069389427,0.0,8.0,1.0,0.46036465027753043,0.6315988893862123,-0.010470703545217662,-0.021115653197124124
500.39959716796875,397.8731994628906,0.4599261003382066,0.6315988893862123,3.100712299346924,1666314985.6505613,100.26064923268154,0.0,8.0,1.0,0.46036465027753043,0.6315321180555555,0.0,-0.005132338066076031
500.8667907714844,398.099853515625,0.4603555062237908,0.6313890245225695,3.1206588745117188,1666314985.6706362,200.5308854465481,0.0,8.0,1.0,0.46036465027753043,0.6313890245225695,0.016090145313334917,-0.0038143353666703437
501.5751037597656,398.262451171875,0.4610065291909611,0.6312384711371528,3.1406049728393555,1666314985.6905982,143.26276599378352,0.0,8.0,1.0,0.4610065291909611,0.6313799540201823,0.04521818289469806,-0.0002393334451723032
502.74127197265625,398.2901306152344,0.46207837497486787,0.6312128420229312,3.158557891845703,1666314985.7106051,200.5212984653631,0.0,8.0,1.0,0.46207837497486787,0.6313799540201823,0.047380012172572546,0.0
503.5802001953125,398.1096496582031,0.4628494487089269,0.6313799540201823,3.179501533508301,1666314985.7305322,111.411374080272,0.0,8.0,1.0,0.4628494487089269,0.6313799540201823,0.030843781046369183,0.011347279411187362
504.1804504394531,397.5840759277344,0.46340114930096793,0.6318665963632089,3.201444149017334,1666314985.7505631,111.39657919898013,0.0,8.0,1.0,0.46340114930096793,0.6318665963632089,0.019364880922288705,0.011792420910701791
504.4627380371094,397.576171875,0.4636606048135197,0.6318739149305556,3.2213895320892334,1666314985.7706332,250.73553323768533,0.0,8.0,1.0,0.4636606048135197,0.6318739149305556,0.07132583260045976,0.013921132862881293
507.19879150390625,396.9992980957031,0.4661753598381491,0.6324080573187933,3.2403390407562256,1666314985.7906103,334.234122240816,0.0,8.0,1.0,0.4661753598381491,0.6324080573187933,0.08019146843323091,0.01738686201830168
507.9433898925781,396.8270568847656,0.46685973335714903,0.6325675399215134,3.2612831592559814,1666314985.8105862,100.26544272327405,0.0,8.0,1.0,0.46685973335714903,0.6325675399215134,0.030842310686737845,0.003900172109608938
508.5709533691406,396.5326232910156,0.4674365380231072,0.63284016361943,3.2812302112579346,1666314985.8306072,111.40249667994688,0.0,8.0,1.0,0.4674365380231072,0.6325675399215134,0.03127238817016481,0.0
509.2328796386719,396.7304382324219,0.4680449261384852,0.6326570016366464,3.299182176589966,1666314985.8505673,334.1542383683875,0.0,8.0,1.0,0.4680449261384852,0.6325675399215134,0.040170020538619275,-0.013370530200662053
510.2708435058594,397.3887023925781,0.4689989370458266,0.6320474977846499,3.320124864578247,1666314985.8705401,125.34903320283316,0.0,8.0,1.0,0.4689989370458266,0.6320474977846499,0.03989753119320364,-0.019656686078465185
511.00787353515625,397.69512939453125,0.46967635435216565,0.6317637690791378,3.3400726318359375,1666314985.8907142,125.33405050052293,0.0,8.0,1.0,0.46967635435216565,0.6317637690791378,0.0238950117551024,-0.013191374040277473
511.3339538574219,397.9712829589844,0.4699760605307186,0.6315080713342738,3.3610172271728516,1666314985.9105783,111.40249667994688,0.0,8.0,1.0,0.4699760605307186,0.6315080713342738,0.06673691111265134,-0.01757246548668024
514.04931640625,398.4900817871094,0.47247179816750917,0.6310277020489727,3.381960153579712,1666314985.9306812,167.117061120408,0.0,8.0,1.0,0.47247179816750917,0.6310277020489727,0.07381725229103596,-0.012308654002168452
514.537841796875,398.6153869628906,0.47292081047506895,0.6309116787380642,3.400909662246704,1666314985.9507194,250.7205451610975,0.0,8.0,1.0,0.47292081047506895,0.6310170491536458,0.0825264861935677,-0.0002605182291500774
517.7977905273438,398.8741760253906,0.4759170868817498,0.6306720592357494,3.422851324081421,1666314985.970693,200.56924254016832,0.0,8.0,1.0,0.4758464027853573,0.6310170491536458,0.07510619396539106,0.0
517.7208862304688,398.5015869140625,0.4758464027853573,0.6310170491536458,3.4408035278320312,1666314985.9907103,250.66061076913883,0.0,8.0,1.0,0.4759170868817498,0.6310170491536458,0.02763237893719477,0.004407882949160673
518.8602905273438,398.3211669921875,0.4768936493817498,0.6311841046368634,3.4607505798339844,1666314986.0106564,100.26064923268154,0.0,8.0,1.0,0.4768936493817498,0.6311841046368634,0.03924474812515965,0.007669661964326313
519.5011596679688,398.171142578125,0.47748268351835366,0.6313230161313658,3.480696678161621,1666314986.0305793,200.5404733444896,0.0,8.0,1.0,0.47748268351835366,0.6313230161313658,0.050638885154322695,0.014727055055431476
521.1132202148438,397.6707763671875,0.47896435681511373,0.6317863181785301,3.5016422271728516,1666314986.0506082,200.4733773061849,0.0,8.0,1.0,0.47896435681511373,0.6317863181785301,0.08488899577877011,0.02821098027516859
523.093505859375,396.986083984375,0.48078447229721966,0.6324202926070601,3.519592046737671,1666314986.0705814,143.2578728055195,0.0,8.0,1.0,0.48078447229721966,0.6324202926070601,0.09692153196829001,0.029915328023027356
525.2146606445312,396.4141540527344,0.4827340630924,0.6329498573585792,3.540536642074585,1666314986.0905774,125.33405050052293,0.0,8.0,1.0,0.4827340630924,0.6329498573585792,0.10913781578260497,0.029973591710876234
527.948974609375,395.6623840332031,0.4852472193100873,0.633645940709997,3.560482978820801,1666314986.1108332,167.13037934332164,0.0,8.0,1.0,0.4852472193100873,0.633645940709997,0.09804451444237221,0.03191593872174519
530.1085205078125,394.8327941894531,0.48723209605497475,0.6344140794542101,3.586414098739624,1666314986.1307151,91.14683703848577,0.0,8.0,1.0,0.48723209605497475,0.6344140794542101,0.04854075570721319,0.03218489991778857
531.8331909179688,394.24102783203125,0.4888172710643095,0.6349620112666376,3.6013739109039307,1666314986.1507232,167.117061120408,0.0,8.0,1.0,0.48723209605497475,0.6349620112666376,0.0,0.012776538240743504
530.17236328125,394.1444091796875,0.48729077507467833,0.6350514729817709,3.6292998790740967,1666314986.1707351,111.40545565619273,0.0,8.0,1.0,0.48723209605497475,0.6349620112666376,-0.14413255962409946,0.0
523.3834838867188,394.0329895019531,0.4810509962194106,0.6351546393500433,3.644258737564087,1666314986.1906033,167.15702215845687,0.0,8.0,1.0,0.4810509962194106,0.6349620112666376,-0.25757015098316505,-0.0010895909809196646
520.326416015625,394.2821044921875,0.4782411911908318,0.6349239773220486,3.6642065048217773,1666314986.210627,200.51171240080313,0.0,8.0,1.0,0.4782411911908318,0.6349239773220486,-0.1352486258395752,-0.005135733553670362
517.9533081054688,394.4457092285156,0.4760600258322323,0.6347724914550781,3.6811609268188477,1666314986.2307053,200.5404733444896,0.0,8.0,1.0,0.4760600258322323,0.6347724914550781,-0.08716767951282729,-0.004217093450727644
516.2709350585938,394.4547119140625,0.4745137270759134,0.6347641556351273,3.7021050453186035,1666314986.2506182,200.56924254016832,0.0,8.0,1.0,0.47493766335880055,0.6347641556351273,-0.02848757019719429,-0.007262054791681692
516.2423095703125,394.8133544921875,0.4744874168844784,0.6344320791739004,3.728036403656006,1666314986.2706883,111.39657919898013,0.0,8.0,1.0,0.4747246573953068,0.6344320791739004,-0.005476081623469405,-0.014098900430329901
516.732177734375,395.0469970703125,0.47493766335880055,0.6342157434534144,3.7410025596618652,1666314986.2906983,250.60070502479536,0.0,8.0,1.0,0.4747246573953068,0.6342157434534144,0.003772137658307569,-0.008149650664863122
516.5004272460938,395.10302734375,0.4747246573953068,0.6341638635706018,3.7609477043151855,1666314986.3105743,250.69057438288206,0.0,8.0,1.0,0.47484880335190716,0.6341638635706018,0.004967096420144921,-0.0020960459864970385
516.635498046875,395.1440734863281,0.47484880335190716,0.6341258578830296,3.783885955810547,1666314986.3305442,167.13703925084678,0.0,8.0,1.0,0.47493766335880055,0.6341258578830296,0.008713385727891074,-0.006187774680924637
517.0420532226562,395.45343017578125,0.47522247538847084,0.6338394165039063,3.803832530975342,1666314986.3506663,200.56924254016832,0.0,8.0,1.0,0.47522247538847084,0.6338985019259983,0.01003499554574478,-0.006161161937251855
517.1350708007812,395.3896179199219,0.47530796948601217,0.6338985019259983,3.8207874298095703,1666314986.3706172,501.41111775254035,0.0,8.0,1.0,0.47530796948601217,0.6338985019259983,0.04527841622497491,0.0
518.9090576171875,395.481201171875,0.47693847207462087,0.6338137026186342,3.841731309890747,1666314986.3905814,501.41111775254035,0.0,8.0,1.0,0.47693847207462087,0.6338985019259983,0.049729848583534506,0.004924051717995024
519.5093994140625,395.15625,0.47749025681439566,0.6341145833333333,3.8646702766418457,1666314986.4105992,125.337795840306,0.0,8.0,1.0,0.47749025681439566,0.6341145833333333,0.02209578049059133,0.009849804383796502
519.8681030273438,394.9652404785156,0.47781994763542623,0.6342914440013745,3.881624698638916,1666314986.4306133,250.73553323768533,0.0,8.0,1.0,0.47781994763542623,0.6342914440013745,0.031373222068703854,0.02136027068111778
520.8370971679688,394.1089782714844,0.4787105672499713,0.6350842793782552,3.903566837310791,1666314986.4506133,167.11040280489263,0.0,8.0,1.0,0.4787105672499713,0.6349454243977865,0.047964136230015726,0.01639310443441102
521.949951171875,394.2589416503906,0.4797334110035616,0.6349454243977865,3.921518325805664,1666314986.4706082,334.28739937833745,0.0,8.0,1.0,0.4797334110035616,0.6349454243977865,0.027491759910033255,0.0
521.970703125,394.19586181640625,0.4797524844898897,0.6350038316514757,3.9414660930633545,1666314986.4905982,200.5308854465481,0.0,8.0,1.0,0.4797524844898897,0.6349454243977865,0.030313541360935788,-0.0005775473037138256
523.2327880859375,394.283203125,0.4809124890495749,0.6349229600694444,3.960414409637451,1666314986.5106533,250.69057438288206,0.0,8.0,1.0,0.4809124890495749,0.6349229600694444,0.03352670020538561,-0.009114685497579418
523.3894653320312,394.7320556640625,0.48105649387135224,0.6345073558666088,3.980360746383667,1666314986.5305872,250.69057438288206,0.0,8.0,1.0,0.48105649387135224,0.6345909118652344,0.046914988931164844,-0.009921740149637715
525.3709106445312,394.6418151855469,0.482877675224753,0.6345909118652344,4.002302646636963,1666314986.550764,143.243195246064,0.0,8.0,1.0,0.482877675224753,0.6345073558666088,0.04548342149972534,-0.003635255414036942
525.6104736328125,394.8180236816406,0.4830978617948644,0.6344277558503327,4.025242328643799,1666314986.570594,125.3190713794855,0.0,8.0,1.0,0.4830978617948644,0.6344277558503327,0.009718403781864761,-0.023844483873594675
525.845458984375,395.8878173828125,0.48331384097828584,0.6334372061270255,4.047183036804199,1666314986.5906272,250.64563164814152,0.0,8.0,1.0,0.48331384097828584,0.6334372061270255,0.044674729031002974,-0.04054940314839866
527.5010375976562,396.5213928222656,0.48483551249784584,0.6328505622016058,4.064137935638428,1666314986.6105642,334.1542383683875,0.0,8.0,1.0,0.48483551249784584,0.6328505622016058,0.07436209333230209,-0.01914822861645775
528.5888671875,396.58905029296875,0.48583535587086396,0.6327879163953993,4.081091642379761,1666314986.6305962,250.69057438288206,0.0,8.0,1.0,0.48583535587086396,0.6327879163953993,0.05180281124396618,-0.0016106237966104023
529.6932373046875,397.14788818359375,0.48685040193445545,0.6322704739040799,4.1030333042144775,1666314986.6506312,167.117061120408,0.0,8.0,1.0,0.48685040193445545,0.6327879163953993,0.06386641157793205,0.0
531.2916259765625,396.7528991699219,0.4883195091696346,0.6326362044722946,4.119987726211548,1666314986.6706994,250.66061076913883,0.0,8.0,1.0,0.4883195091696346,0.6327879163953993,0.08827618465054438,0.01622909136575976
533.333251953125,395.9247741699219,0.49019600363338695,0.633402986879702,4.140932559967041,1666314986.6906202,200.5212984653631,0.0,8.0,1.0,0.49019600363338695,0.633402986879702,0.04801316742802641,0.024740939742192367
533.4797973632812,395.46978759765625,0.49033069610595703,0.6338242707429109,4.16187596321106,1666314986.7106004,200.5308854465481,0.0,8.0,1.0,0.49033069610595703,0.6338242707429109,0.01476135748242062,0.03230991452758988
533.989990234375,394.49786376953125,0.4907996233771829,0.634724200213397,4.181824445724487,1666314986.7306123,200.482959705559,0.0,8.0,1.0,0.4907996233771829,0.634724200213397,0.02418546073652541,0.030542490621318873
534.5977172851562,394.1209716796875,0.491358196034151,0.6350731743706597,4.20276665687561,1666314986.7505963,143.243195246064,0.0,8.0,1.0,0.4913196563720703,0.6350731743706597,0.013722319901027324,0.010990575479000994
534.5557861328125,393.9275817871094,0.4913196563720703,0.6352522390860098,4.21972131729126,1666314986.770692,250.675591680612,0.0,8.0,1.0,0.4913196563720703,0.6351407086407697,0.0,0.0034595239426667423
534.5725708007812,394.04803466796875,0.49133508345660043,0.6351407086407697,4.240665674209595,1666314986.7905924,200.5308854465481,0.0,8.0,1.0,0.4913196563720703,0.6352042869285301,-0.026886495664333165,0.0026006392881348117
533.30126953125,393.9793701171875,0.49016660802504597,0.6352042869285301,4.262607097625732,1666314986.8107872,200.5500621593191,0.0,8.0,1.0,0.49016660802504597,0.6352522390860098,-0.6675796803354628,0.026846976767385764
504.85595703125,392.5706787109375,0.464022019330193,0.636508630823206,4.281556129455566,1666314986.8306522,501.5310295348559,0.0,8.0,1.0,0.464022019330193,0.6363020720305266,-1.3936084549572219,0.027700795914182626
475.8370361328125,392.79376220703125,0.43735021703383503,0.6363020720305266,4.300506114959717,1666314986.8505752,250.60070502479536,0.0,8.0,1.0,0.43735021703383503,0.6363020720305266,-0.668565016367992,0.004122309343194114
475.4740905761719,392.5378112792969,0.43701662736780506,0.6365390636302807,4.321450233459473,1666314986.8705814,200.5212984653631,0.0,8.0,1.0,0.43735021703383503,0.6364665278682002,0.0,0.004021863701061675
475.5872802734375,392.9713134765625,0.4371206620160271,0.6361376727068866,4.3413965702056885,1666314986.8906093,250.66061076913883,0.0,8.0,1.0,0.43735021703383503,0.6364665278682002,0.01993103679539891,0.0018648945809219965
476.68048095703125,392.61614990234375,0.4381254420560949,0.6364665278682002,4.3603456020355225,1666314986.9106853,334.28739937833745,0.0,8.0,1.0,0.4381254420560949,0.6365390636302807,0.16115831956261506,0.004767881998008635
482.65704345703125,392.4158630371094,0.4436186061185949,0.6366519786693432,4.3802924156188965,1666314986.9305842,250.675591680612,0.0,8.0,1.0,0.4436186061185949,0.6366519786693432,0.27316855298912196,0.014309890793737349
489.1299743652344,391.89044189453125,0.4495679911445169,0.6371384797272859,4.402233839035034,1666314986.9505594,250.70555887627017,0.0,8.0,1.0,0.4495679911445169,0.6371384797272859,0.21241906328189147,0.023976775723876798
492.3378601074219,391.32769775390625,0.4525164155399098,0.6376595391167534,4.422180414199829,1666314986.9706233,250.675591680612,0.0,8.0,1.0,0.4525164155399098,0.6376563178168403,0.11418091970328266,0.012742737840108587
494.20977783203125,391.3311767578125,0.4542369281544405,0.6376563178168403,4.443124532699585,1666314986.9905462,250.66061076913883,0.0,8.0,1.0,0.4542369281544405,0.6376595391167534,0.06974549857235472,0.004093317945319696
495.3651123046875,391.1548156738281,0.45529881645651427,0.6378196151168258,4.462074041366577,1666314987.0107393,200.5500621593191,0.0,8.0,1.0,0.45529881645651427,0.6378196151168258,0.048810550014272876,0.012624342924839134
496.3283386230469,390.7837829589844,0.45618413476382985,0.6381631639268663,4.483017683029175,1666314987.0306282,501.47106647537066,0.0,8.0,1.0,0.45618413476382985,0.6381631639268663,0.04984485646093021,0.03727185622690795
497.58270263671875,389.5087890625,0.4573370428646312,0.6393437138310185,4.502965450286865,1666314987.0506222,200.50212725273676,0.0,8.0,1.0,0.4573370428646312,0.6393437138310185,0.04403660762259123,0.04846715818256466
498.1441955566406,388.7999267578125,0.45785312091603,0.6400000678168403,4.520917654037476,1666314987.0706162,250.64563164814152,0.0,8.0,1.0,0.45785312091603,0.6400000678168403,0.01807296016791694,0.022541013304553218
498.3279113769531,388.586181640625,0.45802197736852307,0.6401979799623843,4.540863752365112,1666314987.0906062,334.234122240816,0.0,8.0,1.0,0.45802197736852307,0.6401979799623843,0.015567704245761795,0.0159508354035013
498.8536682128906,388.0783386230469,0.45850520975449505,0.6406682049786603,4.562804937362671,1666314987.1106062,250.675591680612,0.0,8.0,1.0,0.45850520975449505,0.6406682049786603,0.026771829625580536,0.016515997064781122
499.5189514160156,387.8568115234375,0.45911668328677907,0.6408733226634837,4.581753969192505,1666314987.130597,200.5404733444896,0.0,8.0,1.0,0.45911668328677907,0.6408733226634837,0.06741333892786473,0.018069569508128224
501.5601806640625,387.1058044433594,0.46099281311035156,0.641568699589482,4.599705696105957,1666314987.1505823,334.20749003984065,0.0,8.0,1.0,0.46099281311035156,0.6413349858036748,0.07048023899805286,0.011572353104453481
502.5780944824219,387.21063232421875,0.4619283956639907,0.6414716367368345,4.621647596359253,1666314987.1705751,250.69057438288206,0.0,8.0,1.0,0.4619283956639907,0.6413349858036748,0.03573700499939104,0.0032622746371809585
503.1888732910156,387.35821533203125,0.4624897732454188,0.6413349858036748,4.641593933105469,1666314987.1905782,250.70555887627017,0.0,8.0,1.0,0.4624897732454188,0.6414716367368345,0.02567711709487029,0.0
503.720458984375,387.4945068359375,0.4629783630371094,0.6412087899667245,4.662538766860962,1666314987.2106113,167.10374501992032,0.0,8.0,1.0,0.4629783630371094,0.6413349858036748,0.03816644437882091,-0.005906928731690931
504.9131774902344,387.1755065917969,0.46407461166381836,0.6415041605631511,4.680490255355835,1666314987.2305863,334.20749003984065,0.0,8.0,1.0,0.4639743075651281,0.6412418789333767,0.028184208751938507,-0.0032444554324413703
504.8040466308594,387.4587707519531,0.4639743075651281,0.6412418789333767,4.70143461227417,1666314987.2505972,250.63065431729908,0.0,8.0,1.0,0.46407461166381836,0.6412087899667245,0.02026372822829134,-0.009794022255173201
505.8192138671875,387.89129638671875,0.4649073656867532,0.6408413922345197,4.721381187438965,1666314987.2705853,250.675591680612,0.0,8.0,1.0,0.46480291029986215,0.6408413922345197,0.021409976274437942,-0.021055671338861277
505.70556640625,388.3789978027344,0.46480291029986215,0.6403898168493201,4.740330219268799,1666314987.2906134,334.20749003984065,0.0,8.0,1.0,0.4649073656867532,0.6403898168493201,0.01862617951682662,-0.013499195722800327
506.5140075683594,388.472900390625,0.4655459628385656,0.6403028700086806,4.761274099349976,1666314987.3105674,200.51171240080313,0.0,8.0,1.0,0.4655459628385656,0.6403028700086806,0.02726882218682931,-0.0020756745088394515
507.0619812011719,388.5199279785156,0.4660496150746065,0.6402593259458189,4.78221869468689,1666314987.3307972,250.69057438288206,0.0,8.0,1.0,0.4660496150746065,0.6403028700086806,0.031176393581378782,-0.0010395355313416194
507.9348449707031,388.60150146484375,0.466851879568661,0.6401837949399595,4.803162097930908,1666314987.3507452,334.234122240816,0.0,8.0,1.0,0.466851879568661,0.6402593259458189,0.025574795413589556,-0.0019898920543184304
508.72705078125,388.45977783203125,0.46758000990923715,0.640315020525897,4.8420586585998535,1666314987.3707392,41.778849122946816,0.0,8.0,1.0,0.46758000990923715,0.6401837949399595,0.02591817196958539,-0.012219268552340814
509.36480712890625,389.1780090332031,0.46816618302289176,0.6396499916359231,4.853028774261475,1666314987.4026573,125.34528719144103,0.0,8.0,1.0,0.46814433266134825,0.6396499916359231,0.018959616235156976,-0.029213089704314608
509.3410339355469,389.5769348144531,0.46814433266134825,0.6392806159125435,4.872975587844849,1666314987.4226053,143.248087431694,0.0,8.0,1.0,0.46816618302289176,0.6392806159125435,0.03145994978782531,-0.015060452531872506
511.2822265625,389.8106689453125,0.4699285170611213,0.639064195421007,4.891925096511841,1666314987.4425762,111.40545565619273,0.0,8.0,1.0,0.46936800900627584,0.639064195421007,0.039413258804194266,-0.019583445390708377
511.07550048828125,390.4206848144531,0.46973851147819967,0.6384993659125434,4.912868976593018,1666314987.462562,91.15476061113164,0.0,8.0,1.0,0.46973851147819967,0.6384993659125434,0.011774482238169827,-0.032831492801670185
510.6723937988281,391.29595947265625,0.46936800900627584,0.6376889264142072,4.933813810348511,1666314987.4826512,200.5404733444896,0.0,8.0,1.0,0.4698612269233255,0.6376889264142072,0.003076066375536436,-0.030055677517519423
511.2090148925781,391.71563720703125,0.4698612269233255,0.6373003359194155,4.952762603759766,1666314987.5026853,250.675591680612,0.0,8.0,1.0,0.4698612269233255,0.6373003359194155,0.019725389236238813,-0.032539196055192045
512.0437622070312,392.83026123046875,0.4706284579108743,0.6362682766384549,4.97270941734314,1666314987.5225832,111.40249667994688,0.0,8.0,1.0,0.4706284579108743,0.6364232946325232,0.08444332557287712,-0.021448432596598017
514.9658203125,392.662841796875,0.47331417308134194,0.6364232946325232,4.993653297424316,1666314987.5425882,167.117061120408,0.0,8.0,1.0,0.47331417308134194,0.6364232946325232,0.08117564058548757,0.0
515.6552124023438,392.7438049316406,0.47394780551686005,0.6363483287669994,5.0136003494262695,1666314987.5626884,111.40545565619273,0.0,8.0,1.0,0.47394780551686005,0.6364232946325232,0.03549048573879312,0.004399611056509775
516.4677124023438,392.47802734375,0.47469458860509534,0.6365944191261574,5.032548666000366,1666314987.5826812,111.42321281513163,0.0,8.0,1.0,0.47469458860509534,0.6365944191261574,0.04094931094909536,0.008084308410405226
517.3881225585938,392.3232421875,0.4755405538222369,0.6367377387152777,5.052495956420898,1666314987.6026273,100.27263381864257,0.0,8.0,1.0,0.4755405538222369,0.6367377387152777,0.024528153048870655,0.00474322844796755
517.5589599609375,392.2685546875,0.4756975734935087,0.6367883752893518,5.073439836502075,1666314987.6226492,100.26544272327405,0.0,8.0,1.0,0.4756975734935087,0.6367883752893518,0.02150491517314234,0.0023827373723101955
518.321533203125,391.8434753417969,0.4763984680175781,0.637181967276114,5.092389822006226,1666314987.642626,167.09043104135128,0.0,8.0,1.0,0.4763984680175781,0.6368327953197338,0.05528229868231999,0.009625410004398621
520.0184326171875,392.2205810546875,0.47795811821432677,0.6368327953197338,5.114330768585205,1666314987.6626763,100.26544272327405,0.0,8.0,1.0,0.47795811821432677,0.637181967276114,0.03814215780594152,0.00853920442508591
522.3920288085938,391.617431640625,0.48013973236083984,0.6373912669994213,5.133280277252197,1666314987.6825652,111.40545565619273,0.0,8.0,1.0,0.47795811821432677,0.637181967276114,0.0,0.005380997331568191
522.3456420898438,391.19287109375,0.48009709750904755,0.6377843786168982,5.153226852416992,1666314987.7026143,250.70555887627017,0.0,8.0,1.0,0.47795811821432677,0.6373912669994213,-0.02985243581968862,0.011830248297005002
518.7227172851562,392.0650634765625,0.47676720338709216,0.636976793077257,5.173173666000366,1666314987.7226233,250.7205451610975,0.0,8.0,1.0,0.47676720338709216,0.6376539159704138,-0.20494898651522908,0.00658373253188186
511.1227722167969,391.3201599121094,0.46978195975808534,0.6376665185998986,5.19312047958374,1666314987.7426002,200.56924254016832,0.0,8.0,1.0,0.46978195975808534,0.6376539159704138,-0.28940393315490043,-0.017408617449072534
506.47552490234375,391.3337707519531,0.4655105927411248,0.6376539159704138,5.212069511413574,1666314987.7627294,250.69057438288206,0.0,8.0,1.0,0.4655105927411248,0.636976793077257,-0.16998215545772918,-0.02327493576903694
503.9293518066406,392.3114929199219,0.4631703601163976,0.636748617666739,5.232016324996948,1666314987.7825804,250.66061076913883,0.0,8.0,1.0,0.4631703601163976,0.636748617666739,-0.05586817379647232,-0.013533370814539241
503.4313049316406,392.67730712890625,0.4627125964445226,0.6364099008065682,5.253957986831665,1666314987.8025913,200.5596518911682,0.0,8.0,1.0,0.4631703601163976,0.6364099008065682,0.0,-0.0077186200157641285
503.5416259765625,392.8643493652344,0.4628139944637523,0.636236713550709,5.275899410247803,1666314987.8226202,167.11040280489263,0.0,8.0,1.0,0.4631703601163976,0.6364099008065682,0.00070456840858053,-0.0012219677212868666
503.95916748046875,392.7286376953125,0.463197764228372,0.6363623725043404,5.292852878570557,1666314987.8425794,501.47106647537066,0.0,8.0,1.0,0.463197764228372,0.6363623725043404,0.019685837532857096,-0.0013237895739235638
504.6983337402344,392.6108093261719,0.4638771449818331,0.6364714728461371,5.311802625656128,1666314987.8626463,334.3940046240931,0.0,8.0,1.0,0.4638771449818331,0.6363623725043404,0.0313753145001763,0.00273473217433695
505.3210144042969,392.759765625,0.4644494617686552,0.6363335503472223,5.332747220993042,1666314987.8827214,200.51171240080313,0.0,8.0,1.0,0.4644494617686552,0.6364714728461371,0.030073848735478408,0.005062028441443847
506.0689392089844,392.4996337890625,0.46513689265531655,0.6365744131582755,5.353691101074219,1666314987.9026573,250.69057438288206,0.0,8.0,1.0,0.46513689265531655,0.6365744131582755,0.03460633613967762,0.0043986517176256845
506.82305908203125,392.4212951660156,0.4658300175386317,0.6366469489203559,5.372640371322632,1666314987.922691,250.69057438288206,0.0,8.0,1.0,0.4658300175386317,0.6366469489203559,0.08617465693906398,0.013664987148211304
509.71575927734375,391.92559814453125,0.4684887493357939,0.6371059276439526,5.392587184906006,1666314987.9425673,250.69057438288206,0.0,8.0,1.0,0.4684887493357939,0.6371059276439526,0.07979156883238442,0.018988554255070577
510.5461120605469,391.54180908203125,0.4692519412321203,0.6374612878870081,5.4155261516571045,1666314987.9625914,167.10374501992032,0.0,8.0,1.0,0.4692519412321203,0.6374612878870081,0.04343960187696489,0.013006074689761844
511.5540771484375,391.3792419433594,0.47017837973201976,0.637611813015408,5.431483268737793,1666314987.9826083,250.675591680612,0.0,8.0,1.0,0.47017837973201976,0.637611813015408,0.05256958863094093,0.004818909222132586
512.6566772460938,391.0887145996094,0.4711917989394244,0.6378808198151765,5.452426910400391,1666314988.0026662,200.5308854465481,0.0,8.0,1.0,0.4711917989394244,0.6376391092936198,0.06035964006530183,0.004166213432426994
514.304931640625,391.13970947265625,0.47270673864028034,0.6378336023401331,5.473371505737305,1666314988.0225763,200.5404733444896,0.0,8.0,1.0,0.47270673864028034,0.6377863283510561,0.08048022077499709,0.0048753202627399754
516.1498413085938,391.3497619628906,0.47440242767333984,0.6376391092936198,5.49232029914856,1666314988.0425823,1002.4627151051625,0.0,8.0,1.0,0.47440242767333984,0.6378336023401331,0.06964786650224586,0.0012154068988698228
517.2523193359375,391.1907653808594,0.4754157346837661,0.6377863283510561,5.512267112731934,1666314988.0626361,200.5404733444896,0.0,8.0,1.0,0.4754157346837661,0.6378336023401331,0.053416507382736685,0.0024510969405999346
518.5263061523438,391.0314636230469,0.47658667844884534,0.6379338299786603,5.5332112312316895,1666314988.0825713,167.10374501992032,0.0,8.0,1.0,0.47658667844884534,0.6379338299786603,0.08468658937993503,0.0077254805350094715
520.9281005859375,390.8068542480469,0.478794210097369,0.6381418016221788,5.552160978317261,1666314988.102585,200.5212984653631,0.0,8.0,1.0,0.478794210097369,0.6381418016221788,0.09860205130909436,0.02865198023363182
523.0478515625,389.7871398925781,0.4807425106272978,0.6390859815809462,5.573104619979858,1666314988.1225803,250.64563164814152,0.0,8.0,1.0,0.48052024841308594,0.6390768545645255,0.04651240654495081,0.02254071249233247
522.8060302734375,389.7969970703125,0.48052024841308594,0.6390768545645255,5.594048738479614,1666314988.1425953,200.51171240080313,0.0,8.0,1.0,0.4807425106272978,0.6390859815809462,0.02586907358122709,0.002644749246560046
524.0972900390625,389.66595458984375,0.4817070680506089,0.6391981901945891,5.618982553482056,1666314988.1626613,167.08377484762778,0.0,8.0,1.0,0.4817070680506089,0.6391981901945891,0.05740592554399005,0.0027401799887426803
525.6640625,389.6286315917969,0.48314711626838236,0.639232748526114,5.635936498641968,1666314988.1827524,143.248087431694,0.0,8.0,1.0,0.48314711626838236,0.6392007615831163,0.051559381197427805,0.0009900288792151683
526.055419921875,389.6631774902344,0.48350681978113513,0.6392007615831163,5.653888940811157,1666314988.2026103,200.5596518911682,0.0,8.0,1.0,0.48350681978113513,0.639232748526114,0.03089530326173271,0.0010314481120852375
526.9044799804688,389.22381591796875,0.48428720586440144,0.6396075778537327,5.67283821105957,1666314988.2225971,501.351183361224,0.0,8.0,1.0,0.48428720586440144,0.6392388237847222,0.032450287821227206,0.006629931110870195
527.4638671875,389.6220703125,0.4848013485179228,0.6392388237847222,5.693781614303589,1666314988.2425663,200.56924254016832,0.0,8.0,1.0,0.4848013485179228,0.6394972342031973,0.062439950431091636,0.006477524887803254
529.9794921875,389.2268981933594,0.48711350384880514,0.6396047238950376,5.712731599807739,1666314988.2625713,200.51171240080313,0.0,8.0,1.0,0.4867781470803654,0.6394972342031973,0.057956280384036454,-0.0036413079686576423
529.6146240234375,389.3429870605469,0.4867781470803654,0.6394972342031973,5.733676433563232,1666314988.2825742,167.08377484762778,0.0,8.0,1.0,0.48711350384880514,0.639351964879919,0.0409153357979656,-0.0036414603027865216
531.8206176757812,389.4998779296875,0.48880571477553425,0.639351964879919,5.752624750137329,1666314988.3027072,250.750523106355,0.0,8.0,1.0,0.48841038872213927,0.639351964879919,0.032582193766820304,-0.02480991971788128
531.3905029296875,390.6833801269531,0.48841038872213927,0.6382561295120804,5.7755632400512695,1666314988.3226414,200.5404733444896,0.0,8.0,1.0,0.48847826789407167,0.6383127565737123,0.009667873493124497,-0.026799138621327313
531.46435546875,390.7084655761719,0.48847826789407167,0.6382329022442853,5.79351544380188,1666314988.3426082,200.56924254016832,0.0,8.0,1.0,0.48880571477553425,0.6382561295120804,0.018276009241379596,-0.0021639735447328483
532.1981201171875,390.6222229003906,0.4891526839312385,0.6383127565737123,5.812464952468872,1666314988.3627012,250.69057438288206,0.0,8.0,1.0,0.4891526839312385,0.6382329022442853,0.008697357957800881,-0.002246756276612077
533.9030151367188,390.7801818847656,0.4907196830300724,0.6381664982548467,5.833409070968628,1666314988.3826182,250.73553323768533,0.0,8.0,1.0,0.4891526839312385,0.6381664982548467,0.0,-0.0016239294644490425
533.6132202148438,391.042724609375,0.490453327403349,0.6379234031394676,5.853355884552002,1666314988.402744,200.5500621593191,0.0,8.0,1.0,0.4891526839312385,0.6381664982548467,-0.4112370324934303,0.0
513.4566650390625,391.5171203613281,0.47192708183737364,0.6374841478135851,5.875296354293823,1666314988.4226112,167.13703925084678,0.0,8.0,1.0,0.47192708183737364,0.6381664982548467,-1.150885922592648,0.05560504724412601
483.49444580078125,388.4443664550781,0.44438827739042397,0.640329290319372,5.892251491546631,1666314988.4426653,334.28739937833745,0.0,8.0,1.0,0.44438827739042397,0.640329290319372,-0.7389071015199076,0.07399532193664066
481.8964538574219,387.6718444824219,0.4429195347954245,0.641044588442202,5.913195610046387,1666314988.4626162,167.09708776542766,0.0,8.0,1.0,0.4439230526194853,0.6409708658854167,-0.01137721121134881,0.016273846335244643
482.1644287109375,387.6815490722656,0.4431658352122587,0.6410356027108652,5.933142423629761,1666314988.4825761,250.69057438288206,0.0,8.0,1.0,0.4439230526194853,0.6409947430645978,0.0,0.0005839269780293336
482.98828125,387.75146484375,0.4439230526194853,0.6409708658854167,5.9540863037109375,1666314988.5025733,167.117061120408,0.0,8.0,1.0,0.4439230526194853,0.6409947430645978,0.09581777949406349,0.0
488.6524658203125,387.7256774902344,0.4491291046142578,0.6409947430645978,5.972038745880127,1666314988.5225472,334.234122240816,0.0,8.0,1.0,0.4476500118480009,0.6409947430645978,0.10431140411085103,-0.0005700275948992826
487.043212890625,387.77642822265625,0.4476500118480009,0.6409477516456887,5.995974063873291,1666314988.5425763,334.28739937833745,0.0,8.0,1.0,0.44829242369707895,0.6409708658854167,0.018094035952362694,-0.0011218412903181132
487.7421569824219,387.6226501464844,0.44829242369707895,0.6410901387532553,6.0139265060424805,1666314988.5626664,250.64563164814152,0.0,8.0,1.0,0.4484079304863425,0.6409477516456887,0.003217042984396458,-0.003999542555272047
487.9751281738281,387.90655517578125,0.44850655163035674,0.6408272637261285,6.031878709793091,1666314988.5826051,334.234122240816,0.0,8.0,1.0,0.4484079304863425,0.6408272637261285,0.002535487632467293,-0.007959206885306457
487.8678283691406,388.11077880859375,0.4484079304863425,0.6406381677698205,6.052822828292847,1666314988.6025782,250.73553323768533,0.0,8.0,1.0,0.44850655163035674,0.6406381677698205,0.018960860341921248,-0.019280984141484277
488.71136474609375,388.7580261230469,0.44918323965633616,0.6400388647008826,6.072768688201904,1666314988.6225812,200.5596518911682,0.0,8.0,1.0,0.44918323965633616,0.6400388647008826,0.018566428349713376,-0.031623135919803695
488.8011169433594,389.5072937011719,0.4492657324847053,0.6393450984248408,6.09371280670166,1666314988.6425912,334.28739937833745,0.0,8.0,1.0,0.4492657324847053,0.6393450984248408,0.004178363909381577,-0.01939725091778366
488.90179443359375,389.63555908203125,0.4493582669426413,0.6392263341833044,6.114657640457153,1666314988.6625552,167.13703925084678,0.0,8.0,1.0,0.4493582669426413,0.6392263341833044,0.024328139726633263,-0.003822130314186319
489.8834533691406,389.67608642578125,0.45026052699369545,0.6391888088650174,6.134603500366211,1666314988.6825762,334.28739937833745,0.0,8.0,1.0,0.45026052699369545,0.6391888088650174,0.03777107405088508,-0.0008958540189688117
490.6231689453125,389.79541015625,0.4509404126335593,0.6390783239293982,6.156545400619507,1666314988.7026181,1002.702366722448,0.0,8.0,1.0,0.4509404126335593,0.6391888088650174,0.034310181380665536,0.0
491.4098815917969,389.7802429199219,0.4516634941101074,0.639092367666739,6.175494194030762,1666314988.7227204,1002.702366722448,0.0,8.0,1.0,0.4516634941101074,0.6391888088650174,0.06508448534453795,6.113852325679638e-05
493.3068542480469,389.673583984375,0.45340703515445485,0.6391911259403935,6.194444179534912,1666314988.7426093,1002.4627151051625,0.0,8.0,1.0,0.45340703515445485,0.6391911259403935,0.0943751226032164,0.0008783032102790522
495.50616455078125,389.63824462890625,0.4554284600650563,0.6392238475658276,6.21538782119751,1666314988.7625983,501.351183361224,0.0,8.0,1.0,0.4554284600650563,0.6392238475658276,0.10745234093784643,0.010386470962293443
497.8540954589844,389.2372741699219,0.45758648479686065,0.6395951165093317,6.23334002494812,1666314988.7826042,250.7205451610975,0.0,8.0,1.0,0.45758648479686065,0.6395951165093317,0.11537694646089997,0.026104251643807294
500.3888244628906,388.5416564941406,0.4599161989548627,0.6402392069498698,6.254284143447876,1666314988.8027122,501.1115890083632,0.0,8.0,1.0,0.4599161989548627,0.6402392069498698,0.10146121893168325,0.03468831474213023
502.58819580078125,387.6306457519531,0.46193767996395335,0.6410827354148583,6.276225328445435,1666314988.8226202,1002.702366722448,0.0,8.0,1.0,0.46193767996395335,0.6410827354148583,0.07357291639201681,0.02673811776814828
503.5821838378906,387.3896484375,0.46285127190982595,0.6413058810763889,6.294177532196045,1666314988.8425422,334.28739937833745,0.0,8.0,1.0,0.46285127190982595,0.6413058810763889,0.04501095686953578,0.01333829145016777
504.79571533203125,386.6319580078125,0.46396665012135224,0.6420074462890625,6.313127279281616,1666314988.862636,200.482959705559,0.0,8.0,1.0,0.46359867208144245,0.641574944390191,0.022509774860064693,0.006744518684087797
504.5592041015625,386.79315185546875,0.4637492684757008,0.6418581927264178,6.334071159362793,1666314988.8826423,200.57883410645115,0.0,8.0,1.0,0.4637492684757008,0.641574944390191,0.00899896078774291,0.0
504.3953552246094,387.09906005859375,0.46359867208144245,0.641574944390191,6.354018449783325,1666314988.902702,200.5596518911682,0.0,8.0,1.0,0.46396665012135224,0.641574944390191,0.01764591163944087,-0.01746570642561599
505.28680419921875,387.8139343261719,0.4644180185654584,0.640913023772063,6.37196946144104,1666314988.9225683,334.3673469387755,0.0,8.0,1.0,0.4644180185654584,0.640913023772063,0.03553541462190412,-0.018626538858491266
506.5921630859375,387.8815002441406,0.4656177969539867,0.6408504627369068,6.392913579940796,1666314988.9425862,200.57883410645115,0.0,8.0,1.0,0.4653488046982709,0.6408504627369068,0.02729115084793494,-0.009983010646813326
506.5601806640625,388.27630615234375,0.46558840134564566,0.6404849017107928,6.414854526519775,1666314988.9625661,334.28739937833745,0.0,8.0,1.0,0.46558840134564566,0.6404849017107928,0.006578286236394738,-0.012343245997456141
506.29949951171875,388.4266052246094,0.4653488046982709,0.6403457359031395,6.433804512023926,1666314988.9826093,200.5404733444896,0.0,8.0,1.0,0.4656177969539867,0.6403457359031395,0.0010139371958417108,-0.0061249591385916305
506.60198974609375,388.5270080566406,0.4656268288107479,0.6402527703179253,6.452753782272339,1666314989.0025792,250.7205451610975,0.0,8.0,1.0,0.4656268288107479,0.6402527703179253,0.002117765181183742,-0.002906935048172244
507.0420227050781,388.5518493652344,0.466031270868638,0.6402297691062644,6.473697662353516,1666314989.0226254,250.66061076913883,0.0,8.0,1.0,0.46570228127872243,0.6402297691062644,0.0040787857438676165,-0.002940969441485563
506.68408203125,388.6537170410156,0.46570228127872243,0.6401354471842449,6.4926464557647705,1666314989.0425613,334.3940046240931,0.0,8.0,1.0,0.4657895424786736,0.6401354471842449,0.0031888495550967395,-0.019469519169163733
506.81903076171875,389.3697204589844,0.46582631503834443,0.639472481056496,6.512593746185303,1666314989.0666554,334.31404431691374,0.0,8.0,1.0,0.46582631503834443,0.639472481056496,0.0008778781731425757,-0.018180741145493565
506.7790222167969,389.4761962890625,0.4657895424786736,0.6393738923249421,6.534534454345703,1666314989.0866024,334.3406935033878,0.0,8.0,1.0,0.46582631503834443,0.6393738923249421,0.014525038817591061,-0.008574795970559566
507.49676513671875,389.8224182128906,0.46644923266242533,0.6390533164695458,6.555479526519775,1666314989.1066072,167.13703925084678,0.0,8.0,1.0,0.46644923266242533,0.6391047442400897,0.02051273865621694,-0.008687177153181964
507.6426086425781,389.7668762207031,0.4665832800023696,0.6391047442400897,6.571436643600464,1666314989.1266034,501.47106647537066,0.0,8.0,1.0,0.4665832800023696,0.6390533164695458,0.01268955179520976,-0.004743099272507035
508.0062255859375,389.9559020996094,0.4669174867517808,0.6389297202781394,6.5923802852630615,1666314989.146583,250.69057438288206,0.0,8.0,1.0,0.4669174867517808,0.6389297202781394,0.013291657452950282,-0.007837580054192482
508.2195129394531,390.16009521484375,0.46711352292229147,0.6387406525788484,6.611329555511475,1666314989.1666362,250.675591680612,0.0,8.0,1.0,0.46711352292229147,0.6387406525788484,0.025023635431924006,-0.010992202696533242
509.173828125,390.46502685546875,0.4679906508501838,0.6384583084671586,6.635266304016113,1666314989.1867173,200.5308854465481,0.0,8.0,1.0,0.4679906508501838,0.6384583084671586,0.03524100110931064,-0.021454223419917817
509.9020690917969,391.1768798828125,0.468659989974078,0.6377991852936922,6.655212163925171,1666314989.2066083,250.70555887627017,0.0,8.0,1.0,0.468659989974078,0.6377991852936922,0.021976450900834634,-0.044695606363456236
510.03228759765625,392.1981201171875,0.46877967610078697,0.6368535924840857,6.6711695194244385,1666314989.2265682,334.26075868664327,0.0,8.0,1.0,0.46877967610078697,0.6368535924840857,0.009679200702036019,-0.07101294359220436
510.2906799316406,394.00701904296875,0.4690171690548168,0.6351786860713252,6.692113876342773,1666314989.2465794,334.3406935033878,0.0,8.0,1.0,0.4690171690548168,0.6351786860713252,0.03945872481404813,-0.05491095005934545
511.7449645996094,394.56396484375,0.4703538277569939,0.6346629955150462,6.7110631465911865,1666314989.2665694,334.20749003984065,0.0,8.0,1.0,0.4703538277569939,0.6346629955150462,0.09570480437829847,-0.012611367117545742
514.5485229492188,394.7547607421875,0.472930627710679,0.6344863326461228,6.733004808425903,1666314989.2866983,200.5212984653631,0.0,8.0,1.0,0.472930627710679,0.6346629955150462,0.12420793786271055,0.0
517.9447631835938,394.67572021484375,0.4760521720437443,0.6345595183195891,6.756940603256226,1666314989.3067122,143.26276599378352,0.0,8.0,1.0,0.4760521720437443,0.6346629955150462,0.11155569475426819,0.0024442915152464886
519.874755859375,394.3714599609375,0.4778260623707491,0.6348412407769097,6.776888132095337,1666314989.3266082,167.09043104135128,0.0,8.0,1.0,0.4778260623707491,0.6347702591507522,0.07931681093124902,0.004468013427770409
521.387451171875,394.4481201171875,0.479216407327091,0.6347702591507522,6.796834230422974,1666314989.346744,167.117061120408,0.0,8.0,1.0,0.479216407327091,0.6348412407769097,0.1128634258327904,0.020463130824585184
524.283447265625,393.6546630859375,0.48187816844267006,0.6355049415870949,6.812790870666504,1666314989.3667274,250.73553323768533,0.0,8.0,1.0,0.48187816844267006,0.6355049415870949,0.1237715416192846,0.05508948495038882
526.7281494140625,392.11663818359375,0.48412513732910156,0.6369290387188946,6.834732532501221,1666314989.3866422,200.57883410645115,0.0,8.0,1.0,0.48390713860006895,0.6369290387188946,0.056324005762614204,0.05757773359699979
526.490966796875,391.1739196777344,0.48390713860006895,0.63780192622432,6.852684497833252,1666314989.406572,200.5596518911682,0.0,8.0,1.0,0.48412513732910156,0.63780192622432,0.03870641139072965,0.04226514207389818
528.0449829101562,390.4322204589844,0.48533546223359947,0.6384886847601996,6.871634006500244,1666314989.4265473,334.28739937833745,0.0,8.0,1.0,0.48533546223359947,0.6384886847601996,0.06607631878262443,0.016013843435260612
529.8112182617188,389.79193115234375,0.4869588403140797,0.6390815452293113,6.895569801330566,1666314989.446638,200.5404733444896,0.0,8.0,1.0,0.4869588403140797,0.6384886847601996,0.040693153262356875,0.0
531.3250122070312,389.2379150390625,0.48835019504322724,0.6395945231119792,6.911527156829834,1666314989.4667032,334.3406935033878,0.0,8.0,1.0,0.4869588403140797,0.6384886847601996,0.0,-0.0015700288269063485
530.7316284179688,390.5015563964844,0.4878048055312213,0.63842448481807,6.936460733413696,1666314989.4866674,143.248087431694,0.0,8.0,1.0,0.4869588403140797,0.63842448481807,-0.1423331455185393,-0.036547776363156564
523.015625,392.1643371582031,0.480712890625,0.6368848730016639,6.95540976524353,1666314989.5066144,200.56924254016832,0.0,8.0,1.0,0.480712890625,0.6368848730016639,-0.4243358552772984,-0.07629484425036748
513.6956176757812,393.3778076171875,0.47214670742259307,0.6357612892433449,6.971367359161377,1666314989.5265992,334.234122240816,0.0,8.0,1.0,0.47214670742259307,0.6357612892433449,-0.2691508588986048,-0.03973230765976937
512.5015869140625,393.70501708984375,0.4710492526783663,0.635458317509404,6.991313934326172,1666314989.5465753,1002.702366722448,0.0,8.0,1.0,0.4710492526783663,0.635458317509404,-0.046501192731624105,-0.02126051813538032
511.2201232910156,394.3854064941406,0.46987143684835997,0.6348283273202402,7.015249729156494,1666314989.5665934,200.5596518911682,0.0,8.0,1.0,0.4701061248779297,0.6348283273202402,-0.020603688060163126,-0.03345769025637189
511.4754638671875,395.36279296875,0.4701061248779297,0.63392333984375,7.037192106246948,1666314989.5866792,167.10374501992032,0.0,8.0,1.0,0.47010399313534007,0.63392333984375,-5.089004001571994e-05,-0.02206032642240738
511.3439636230469,395.57452392578125,0.4699852606829475,0.6337272926613137,7.057138919830322,1666314989.606671,143.243195246064,0.0,8.0,1.0,0.47010399313534007,0.6339042381004051,5.4807106029839164e-05,-0.0016534865859691046
511.47314453125,395.4322509765625,0.47010399313534007,0.6338590268735532,7.076087474822998,1666314989.6265934,167.13703925084678,0.0,8.0,1.0,0.4701061248779297,0.6338590268735532,0.04469865261306676,-0.0013333260417067853
513.1221923828125,395.3834228515625,0.4716196621165556,0.6339042381004051,7.091047525405884,1666314989.6466575,334.18086208270256,0.0,8.0,1.0,0.4716196621165556,0.6338590268735532,0.04888798012130082,0.0012252033909420452
513.438232421875,395.58251953125,0.47191014009363513,0.6337198893229167,7.112988471984863,1666314989.6665843,250.750523106355,0.0,8.0,1.0,0.47191014009363513,0.6339042381004051,0.05948788233304888,0.00682749370558142
515.7687377929688,395.1307373046875,0.47405214870677276,0.6341382061993635,7.1319379806518555,1666314989.6866953,334.31404431691374,0.0,8.0,1.0,0.47405214870677276,0.6341382061993635,0.0994864938730436,0.025011907080730245
517.6484985351562,394.33270263671875,0.47577986997716565,0.6348771271882234,7.151885509490967,1666314989.7066703,334.1542383683875,0.0,8.0,1.0,0.47577986997716565,0.6348771271882234,0.035353522309032714,0.015120181774652169
519.98779296875,393.78289794921875,0.4779299567727482,0.6353862056025752,7.180807828903198,1666314989.7265851,200.50212725273676,0.0,8.0,1.0,0.47577986997716565,0.6348771271882234,0.0,0.0
520.6720581054688,393.4353942871094,0.47855887693517346,0.6357079682526765,7.200754880905151,1666314989.7466543,200.482959705559,0.0,8.0,1.0,0.47577986997716565,0.6348771271882234,0.0,0.0
